{
  "time": "2026-03-03 09:46:18",
  "strict_f1": 0.32706766917293234,
  "strict_precision": 0.43865546218487395,
  "strict_recall": 0.26073926073926074,
  "strict_pr_auc": 0.2708030213011911,
  "best_threshold": 2.155543695390308,
  "avg_ttd": 5.142857142857143
}