{
  "time": "2026-03-02 20:48:26",
  "strict_f1": 0.20335985853227231,
  "strict_precision": 0.8846153846153846,
  "strict_recall": 0.11488511488511488,
  "strict_pr_auc": 0.17483648349822023,
  "best_threshold": 135.80123460248313,
  "avg_ttd": 3.0
}