{
  "time": "2026-03-02 20:15:09",
  "strict_f1": 0.7430892474331491,
  "strict_precision": 0.9759928867812685,
  "strict_recall": 0.5999271269812352,
  "strict_pr_auc": 0.721531443753114,
  "best_threshold": 0.25513762210462987,
  "avg_ttd": 78.25
}