{
  "time": "2026-03-02 16:04:04",
  "strict_f1": 0.549955985915493,
  "strict_precision": 0.6943595443178661,
  "strict_recall": 0.45527418473310255,
  "strict_pr_auc": 0.5884825059424618,
  "best_threshold": 0.3771976070791355,
  "avg_ttd": 17.35
}