{
  "time": "2026-03-02 21:57:30",
  "strict_f1": 0.33639494833524686,
  "strict_precision": 0.39541160593792174,
  "strict_recall": 0.29270729270729273,
  "strict_pr_auc": 0.282707238844848,
  "best_threshold": 2.167783167410897,
  "avg_ttd": 2.7142857142857144
}